{
  "$schema": "biome.schema.json",
  "organizeImports": {
    "enabled": true
  },
  "files": {
    "ignore": ["src/routeTree.gen.ts"]
  },
  "linter": {
    "enabled": true,
    "rules": {
      "all": true,
      "style": {
        "useBlockStatements": "off"
      }
    }
  },
  "formatter": {
    "lineWidth": 120,
    "indentStyle": "space",
    "indentWidth": 2
  },
  "javascript": {
    "formatter": {
      "jsxQuoteStyle": "single",
      "quoteStyle": "single",
      "trailingComma": "all",
      "semicolons": "asNeeded"
    }
  },
  "json": {
    "parser": {
      "allowComments": true
    }
  }
}
